{"cameraMode":{"drawMode":0,"name":"Shaded","section":"Shading Mode"},"sceneLighting":false,"audioPlay":false,"sceneViewState":{"showFog":true,"showMaterialUpdate":false,"showSkybox":true,"showFlares":true,"showImageEffects":true,"showParticleSystems":true},"in2DMode":false,"pivot":{"x":-0.22180259227752686,"y":0.3716001510620117,"z":0.22390031814575196},"rotation":{"x":0.1557883620262146,"y":-0.285918265581131,"z":0.04716871306300163,"w":0.9443281888961792},"size":2.1925837993621828,"orthographic":false}