{"cameraMode":{"drawMode":0,"name":"Shaded","section":"Shading Mode"},"sceneLighting":false,"audioPlay":false,"sceneViewState":{"showFog":false,"showMaterialUpdate":false,"showSkybox":false,"showFlares":true,"showImageEffects":true,"showParticleSystems":true},"in2DMode":false,"pivot":{"x":-0.2239280343055725,"y":-0.36893153190612795,"z":0.024724185466766359},"rotation":{"x":0.39368078112602236,"y":-0.33431726694107058,"z":0.1563289910554886,"w":0.8419062495231628},"size":2.1051905155181886,"orthographic":false}