{"cameraMode":{"drawMode":0,"name":"Shaded","section":"Shading Mode"},"sceneLighting":false,"audioPlay":false,"sceneViewState":{"showFog":false,"showMaterialUpdate":false,"showSkybox":false,"showFlares":false,"showImageEffects":false,"showParticleSystems":false},"in2DMode":false,"pivot":{"x":-4.757788181304932,"y":-0.448311448097229,"z":-5.109616756439209},"rotation":{"x":0.33747753500938418,"y":-0.3539768159389496,"z":0.13872180879116059,"w":0.8611422777175903},"size":2.3055596351623537,"orthographic":true}