{"cameraMode":{"drawMode":0,"name":"Shaded","section":"Shading Mode"},"sceneLighting":false,"audioPlay":false,"sceneViewState":{"showFog":true,"showMaterialUpdate":false,"showSkybox":true,"showFlares":true,"showImageEffects":true,"showParticleSystems":true},"in2DMode":false,"pivot":{"x":0.5809724926948547,"y":2.0373151302337648,"z":0.43295523524284365},"rotation":{"x":0.017452970147132875,"y":0.9312798976898193,"z":-0.3611004650592804,"w":0.04501251503825188},"size":0.050838008522987369,"orthographic":false}