{"cameraMode":{"drawMode":0,"name":"Shaded","section":"Shading Mode"},"sceneLighting":false,"audioPlay":false,"sceneViewState":{"showFog":true,"showMaterialUpdate":false,"showSkybox":true,"showFlares":true,"showImageEffects":true,"showParticleSystems":true},"in2DMode":false,"pivot":{"x":31.999998092651368,"y":0.03117861971259117,"z":23.0},"rotation":{"x":-0.34095215797424319,"y":-0.4045031666755676,"z":0.16571015119552613,"w":-0.8322722315788269},"size":2.3354952335357668,"orthographic":false}