{"cameraMode":{"drawMode":0,"name":"Shaded","section":"Shading Mode"},"sceneLighting":false,"audioPlay":false,"sceneViewState":{"showFog":true,"showMaterialUpdate":false,"showSkybox":true,"showFlares":true,"showImageEffects":true,"showParticleSystems":true},"in2DMode":false,"pivot":{"x":-0.6156818866729736,"y":-0.03742939233779907,"z":-0.3594202399253845},"rotation":{"x":0.08503756672143936,"y":-0.8464575409889221,"z":0.14225222170352937,"w":0.5060072541236877},"size":2.1884729862213136,"orthographic":false}