{"cameraMode":{"drawMode":0,"name":"Shaded","section":"Shading Mode"},"sceneLighting":false,"audioPlay":false,"sceneViewState":{"showFog":true,"showMaterialUpdate":false,"showSkybox":true,"showFlares":true,"showImageEffects":true,"showParticleSystems":true},"in2DMode":false,"pivot":{"x":-0.016915559768676759,"y":0.2905381917953491,"z":0.1069495677947998},"rotation":{"x":0.20480632781982423,"y":-0.18230825662612916,"z":0.03885764628648758,"w":0.9608895182609558},"size":1.459656000137329,"orthographic":false}