{"cameraMode":{"drawMode":0,"name":"Shaded","section":"Shading Mode"},"sceneLighting":false,"audioPlay":false,"sceneViewState":{"showFog":true,"showMaterialUpdate":false,"showSkybox":true,"showFlares":true,"showImageEffects":true,"showParticleSystems":true},"in2DMode":false,"pivot":{"x":8.687652587890625,"y":-17.534088134765626,"z":41.341773986816409},"rotation":{"x":0.2808728516101837,"y":-0.17640139162540437,"z":0.052595943212509158,"w":0.9419305324554443},"size":40.753597259521487,"orthographic":false}