{"cameraMode":{"drawMode":0,"name":"Shaded","section":"Shading Mode"},"sceneLighting":false,"audioPlay":false,"sceneViewState":{"showFog":false,"showMaterialUpdate":false,"showSkybox":false,"showFlares":true,"showImageEffects":true,"showParticleSystems":true},"in2DMode":false,"pivot":{"x":-5.7991943359375,"y":0.538818359375,"z":-5.4111328125},"rotation":{"x":0.2611885666847229,"y":-0.2677902579307556,"z":0.07567159086465836,"w":0.9243042469024658},"size":2.6455867290496828,"orthographic":true}