{"cameraMode":{"drawMode":0,"name":"Shaded","section":"Shading Mode"},"sceneLighting":false,"audioPlay":false,"sceneViewState":{"showFog":true,"showMaterialUpdate":false,"showSkybox":true,"showFlares":true,"showImageEffects":true,"showParticleSystems":true},"in2DMode":false,"pivot":{"x":0.06396484375,"y":0.2364501953125,"z":-0.0968017578125},"rotation":{"x":0.3290446102619171,"y":-0.3116472363471985,"z":0.11602500826120377,"w":0.8838248252868652},"size":1.5350053310394288,"orthographic":true}