{"cameraMode":{"drawMode":0,"name":"Shaded","section":"Shading Mode"},"sceneLighting":false,"audioPlay":false,"sceneViewState":{"showFog":false,"showMaterialUpdate":false,"showSkybox":false,"showFlares":true,"showImageEffects":true,"showParticleSystems":true},"in2DMode":false,"pivot":{"x":-9.6028413772583,"y":-0.2680850028991699,"z":5.953512191772461},"rotation":{"x":0.3914490342140198,"y":-0.05240754783153534,"z":0.022336788475513459,"w":0.9184346795082092},"size":2.1704182624816896,"orthographic":true}