{"cameraMode":{"drawMode":0,"name":"Shaded","section":"Shading Mode"},"sceneLighting":false,"audioPlay":false,"sceneViewState":{"showFog":true,"showMaterialUpdate":false,"showSkybox":true,"showFlares":true,"showImageEffects":true,"showParticleSystems":true},"in2DMode":false,"pivot":{"x":0.06305199861526489,"y":0.7372523546218872,"z":-0.07389390468597412},"rotation":{"x":0.33573490381240847,"y":-0.20593978464603425,"z":0.07547139376401901,"w":0.916067361831665},"size":2.6667258739471437,"orthographic":false}