{"cameraMode":{"drawMode":0,"name":"Shaded","section":"Shading Mode"},"sceneLighting":false,"audioPlay":false,"sceneViewState":{"showFog":false,"showMaterialUpdate":false,"showSkybox":false,"showFlares":true,"showImageEffects":true,"showParticleSystems":true},"in2DMode":false,"pivot":{"x":-0.3258056640625,"y":-0.03662109375,"z":0.258544921875},"rotation":{"x":0.323599249124527,"y":-0.2966028153896332,"z":0.10759686678647995,"w":0.8920390605926514},"size":1.554336428642273,"orthographic":true}