{"cameraMode":{"drawMode":0,"name":"Shaded","section":"Shading Mode"},"sceneLighting":false,"audioPlay":false,"sceneViewState":{"showFog":true,"showMaterialUpdate":false,"showSkybox":true,"showFlares":true,"showImageEffects":true,"showParticleSystems":true},"in2DMode":false,"pivot":{"x":-1.0375138011361422e-14,"y":1.0281693336620327e-14,"z":-1.1877813846822598e-15},"rotation":{"x":-0.2828911542892456,"y":-0.6159945130348206,"z":0.2523498237133026,"w":-0.6905407905578613},"size":3.6637361930212536e-16,"orthographic":false}